Наименование,Описание,Рубрики,Адрес,Комментарий к адресу,Почтовый индекс,Микрорайон,Район,Город,Округ,Регион,Страна,Часы работы,Часовой пояс,Рейтинг,Количество отзывов,Телефон 1,Телефон 2,Телефон 3,E-mail 1,E-mail 2,E-mail 3,Веб-сайт 1,Веб-сайт 2,Веб-сайт 3,Instagram 1,Instagram 2,Instagram 3,Twitter 1,Twitter 2,Twitter 3,Facebook 1,Facebook 2,Facebook 3,ВКонтакте 1,ВКонтакте 2,ВКонтакте 3,WhatsApp 1,WhatsApp 2,WhatsApp 3,Viber 1,Viber 2,Viber 3,Telegram 1,Telegram 2,Telegram 3,YouTube 1,YouTube 2,YouTube 3,Skype 1,Skype 2,Skype 3,ID объекта,Широта,Долгота,ID здания,Название здания,ID этажа,Количество филиалов,ID сети,Название сети,Специализация сети,Главная рубрика,POI-категория,Кол-во рубрик,Кол-во атрибутов,Дата обновления,Удалён,ID сегмента,ID региона,2GIS URL,Тип,Ожидаемое кол-во (2GIS),Ссылка запроса
Красное&Белое,продуктовый магазин,Продуктовые магазины; Алкогольные напитки,"Кронштадтский бульвар, 7а",1 этаж,125212,,Головинский,Москва,,Москва,Россия,Пн: 09:00-22:05; Вт: 09:00-22:05; Ср: 09:00-22:05; Чт: 09:00-22:05; Пт: 09:00-22:05; Сб: 09:00-22:05; Вс: 09:00-22:05 (Время продажи алкоголя ограничено.),+03:00,4.6,39,88001000804,89227033000,,,,,http://krasnoeibeloe.ru,http://zen.yandex.ru/id/5dde5c1021552277da47ba4b,http://max.ru/krasnoebeloe,,,,,,,,,,https://vk.com/krasnoebeloe,,,,,,,,,https://t.me/krasnoeibeloe,,,,,,,,,70000001039356382,55.842156,37.485384,4504235282628785,БЦ Кронштадтский,,2113,70000001090565128,Красное&Белое,продуктовый магазин,Продуктовые магазины,shop,2,4,2026-06-21T07:48:19Z,,0,32,https://2gis.com/firm/70000001039356382,branch,35,https://2gis.ru/moscow/search/Продуктовые магазины/rubricId/373/filters/district_id=4504209512726549
Красное&Белое,продуктовый магазин,Продуктовые магазины; Алкогольные напитки,"Головинское шоссе, 11",1 этаж,125212,,Головинский,Москва,,Москва,Россия,Пн: 09:00-22:05; Вт: 09:00-22:05; Ср: 09:00-22:05; Чт: 09:00-22:05; Пт: 09:00-22:05; Сб: 09:00-22:05; Вс: 09:00-22:05 (Время продажи алкоголя ограничено.),+03:00,4.8,11,88001000804,89227033000,,,,,http://krasnoeibeloe.ru,http://zen.yandex.ru/id/5dde5c1021552277da47ba4b,http://max.ru/krasnoebeloe,,,,,,,,,,https://vk.com/krasnoebeloe,,,,,,,,,https://t.me/krasnoeibeloe,,,,,,,,,70000001062253144,55.839852,37.494601,70030076169255556,,,2113,70000001090565128,Красное&Белое,продуктовый магазин,Продуктовые магазины,shop,2,6,2026-06-21T07:49:36Z,,0,32,https://2gis.com/firm/70000001062253144,branch,35,https://2gis.ru/moscow/search/Продуктовые магазины/rubricId/373/filters/district_id=4504209512726549
Красное&Белое,продуктовый магазин,Продуктовые магазины; Алкогольные напитки,"Кронштадтский бульвар, 9 к3",,125212,,Головинский,Москва,,Москва,Россия,Пн: 09:00-22:05; Вт: 09:00-22:05; Ср: 09:00-22:05; Чт: 09:00-22:05; Пт: 09:00-22:05; Сб: 09:00-22:05; Вс: 09:00-22:05 (Время продажи алкоголя ограничено.),+03:00,,,88001000804,89227033000,,,,,http://krasnoeibeloe.ru,http://zen.yandex.ru/id/5dde5c1021552277da47ba4b,http://max.ru/krasnoebeloe,,,,,,,,,,https://vk.com/krasnoebeloe,,,,,,,,,https://t.me/krasnoeibeloe,,,,,,,,,70000001104891461,55.842435,37.490127,70030076271560241,,,2113,70000001090565128,Красное&Белое,продуктовый магазин,Продуктовые магазины,shop,2,3,2026-06-21T07:49:17Z,,0,32,https://2gis.com/firm/70000001104891461,branch,35,https://2gis.ru/moscow/search/Продуктовые магазины/rubricId/373/filters/district_id=4504209512726549
Красное&Белое,продуктовый магазин,Продуктовые магазины; Алкогольные напитки,"Флотская улица, 74 к1",,125413,,Головинский,Москва,,Москва,Россия,Пн: 09:00-22:05; Вт: 09:00-22:05; Ср: 09:00-22:05; Чт: 09:00-22:05; Пт: 09:00-22:05; Сб: 09:00-22:05; Вс: 09:00-22:05 (Время продажи алкоголя ограничено.),+03:00,4.6,32,88001000804,89227033000,,,,,http://krasnoeibeloe.ru,http://zen.yandex.ru/id/5dde5c1021552277da47ba4b,http://max.ru/krasnoebeloe,,,,,,,,,,https://vk.com/krasnoebeloe,,,,,,,,,https://t.me/krasnoeibeloe,,,,,,,,,70000001052301657,55.858311,37.514906,4504235282532173,,,2113,70000001090565128,Красное&Белое,продуктовый магазин,Продуктовые магазины,shop,2,4,2026-06-21T07:49:03Z,,0,32,https://2gis.com/firm/70000001052301657,branch,35,https://2gis.ru/moscow/search/Продуктовые магазины/rubricId/373/filters/district_id=4504209512726549
Красное&Белое,продуктовый магазин,Продуктовые магазины; Алкогольные напитки,"3-й Лихачёвский переулок, 4",,125438,,Головинский,Москва,,Москва,Россия,Пн: 08:00-22:05; Вт: 08:00-22:05; Ср: 08:00-22:05; Чт: 08:00-22:05; Пт: 08:00-22:05; Сб: 08:00-22:05; Вс: 08:00-22:05 (Время продажи алкоголя ограничено.),+03:00,4.9,44,88001000804,89227033000,,,,,http://krasnoeibeloe.ru,http://zen.yandex.ru/id/5dde5c1021552277da47ba4b,http://max.ru/krasnoebeloe,,,,,,,,,,https://vk.com/krasnoebeloe,,,,,,,,,https://t.me/krasnoeibeloe,,,,,,,,,70000001032508699,55.848181,37.520743,4504235282563222,,,2113,70000001090565128,Красное&Белое,продуктовый магазин,Продуктовые магазины,shop,2,4,2026-06-21T07:49:26Z,,0,32,https://2gis.com/firm/70000001032508699,branch,35,https://2gis.ru/moscow/search/Продуктовые магазины/rubricId/373/filters/district_id=4504209512726549
Красное&Белое,продуктовый магазин,Продуктовые магазины; Алкогольные напитки,"улица Лавочкина, 18",,125499,,Головинский,Москва,,Москва,Россия,Пн: 09:00-22:05; Вт: 09:00-22:05; Ср: 09:00-22:05; Чт: 09:00-22:05; Пт: 09:00-22:05; Сб: 09:00-22:05; Вс: 09:00-22:05 (Время продажи алкоголя ограничено.),+03:00,4.8,30,88001000804,89227033000,,,,,http://krasnoeibeloe.ru,http://zen.yandex.ru/id/5dde5c1021552277da47ba4b,http://max.ru/krasnoebeloe,,,,,,,,,,https://vk.com/krasnoebeloe,,,,,,,,,https://t.me/krasnoeibeloe,,,,,,,,,70000001021998472,55.850657,37.500186,4504235282532512,,,2113,70000001090565128,Красное&Белое,продуктовый магазин,Продуктовые магазины,shop,2,5,2026-06-21T07:49:18Z,,0,32,https://2gis.com/firm/70000001021998472,branch,35,https://2gis.ru/moscow/search/Продуктовые магазины/rubricId/373/filters/district_id=4504209512726549
Красное&Белое,продуктовый магазин,Продуктовые магазины; Алкогольные напитки,"Флотская улица, 94",,125413,,Головинский,Москва,,Москва,Россия,Пн: 09:00-22:05; Вт: 09:00-22:05; Ср: 09:00-22:05; Чт: 09:00-22:05; Пт: 09:00-22:05; Сб: 09:00-22:05; Вс: 09:00-22:05 (Время продажи алкоголя ограничено.),+03:00,4.6,38,88001000804,89227033000,,,,,http://krasnoeibeloe.ru,http://zen.yandex.ru/id/5dde5c1021552277da47ba4b,http://max.ru/krasnoebeloe,,,,,,,,,,https://vk.com/krasnoebeloe,,,,,,,,,https://t.me/krasnoeibeloe,,,,,,,,,70000001037017057,55.862659,37.517767,4504235282532110,,,2113,70000001090565128,Красное&Белое,продуктовый магазин,Продуктовые магазины,shop,2,4,2026-06-21T07:48:19Z,,0,32,https://2gis.com/firm/70000001037017057,branch,35,https://2gis.ru/moscow/search/Продуктовые магазины/rubricId/373/filters/district_id=4504209512726549
Ароматный мир,винный супермаркет,Продуктовые магазины; Алкогольные напитки,"Авангардная улица, 16",1 этаж,125493,,Головинский,Москва,,Москва,Россия,Пн: 09:30-22:30; Вт: 09:30-22:30; Ср: 09:30-22:30; Чт: 09:30-22:30; Пт: 09:30-22:30; Сб: 09:30-22:30; Вс: 10:00-22:00 (Время продажи алкоголя ограничено.),+03:00,4.9,26,88007777290,84957775190 (доп.7660),,,,,http://amwine.ru,http://max.ru/amwineru,,,,,,,,,,,https://vk.com/amwineru,,,,,,,,,https://t.me/amwineru,,,https://youtube.com/@Aromatnyi_Mir_Vino_bez_vody,,,,,,70000001007159070,55.847454,37.489305,4504235282561640,,,564,4504136498285713,Ароматный мир,винный супермаркет,Продуктовые магазины,shop,2,6,2026-07-09T13:23:10Z,,0,32,https://2gis.com/firm/70000001007159070,branch,35,https://2gis.ru/moscow/search/Продуктовые магазины/rubricId/373/filters/district_id=4504209512726549
Красное&Белое,продуктовый магазин,Продуктовые магазины; Алкогольные напитки,"Флотская улица, 46",,125499,,Головинский,Москва,,Москва,Россия,Пн: 09:00-22:05; Вт: 09:00-22:05; Ср: 09:00-22:05; Чт: 09:00-22:05; Пт: 09:00-22:05; Сб: 09:00-22:05; Вс: 09:00-22:05 (Время продажи алкоголя ограничено.),+03:00,,,88001000804,89227033000,,,,,http://krasnoeibeloe.ru,http://zen.yandex.ru/id/5dde5c1021552277da47ba4b,http://max.ru/krasnoebeloe,,,,,,,,,,https://vk.com/krasnoebeloe,,,,,,,,,https://t.me/krasnoeibeloe,,,,,,,,,70000001113929529,55.853239,37.500789,4504235282532509,,,2113,70000001090565128,Красное&Белое,продуктовый магазин,Продуктовые магазины,shop,2,4,2026-06-21T07:49:14Z,,0,32,https://2gis.com/firm/70000001113929529,branch,35,https://2gis.ru/moscow/search/Продуктовые магазины/rubricId/373/filters/district_id=4504209512726549
Красное&Белое,продуктовый магазин,Продуктовые магазины; Алкогольные напитки,"3-й Лихачёвский переулок, 1 к2",,125438,,Головинский,Москва,,Москва,Россия,Пн: 09:00-22:05; Вт: 09:00-22:05; Ср: 09:00-22:05; Чт: 09:00-22:05; Пт: 09:00-22:05; Сб: 09:00-22:05; Вс: 09:00-22:05 (Время продажи алкоголя ограничено.),+03:00,4.3,6,88001000804,89227033000,,,,,http://krasnoeibeloe.ru,http://zen.yandex.ru/id/5dde5c1021552277da47ba4b,http://max.ru/krasnoebeloe,,,,,,,,,,https://vk.com/krasnoebeloe,,,,,,,,,https://t.me/krasnoeibeloe,,,,,,,,,70000001023295193,55.848555,37.514271,4504235282532607,,,2113,70000001090565128,Красное&Белое,продуктовый магазин,Продуктовые магазины,shop,2,5,2026-06-21T07:49:36Z,,0,32,https://2gis.com/firm/70000001023295193,branch,35,https://2gis.ru/moscow/search/Продуктовые магазины/rubricId/373/filters/district_id=4504209512726549
Винлаб,супермаркет напитков,Продуктовые магазины; Алкогольные напитки,"Кронштадтский бульвар, 8 к1",1 этаж,125212,,Головинский,Москва,,Москва,Россия,Пн: 10:00-23:00; Вт: 10:00-23:00; Ср: 10:00-23:00; Чт: 10:00-23:00; Пт: 10:00-23:00; Сб: 10:00-23:00; Вс: 10:00-23:00 (Время продажи алкоголя ограничено.),+03:00,4.2,15,88003017755,,,,,,http://b2b.winelab.ru,http://max.ru/winelab_ru,,,,,,,,,,,https://vk.com/winelabru,,,,,,,,,https://t.me/winelab_chatbot,,,,,,,,,70000001089793858,55.841811,37.495832,70030076255442820,,,1163,70000001019234769,Винлаб,супермаркет напитков,Продуктовые магазины,shop,2,7,2026-07-07T13:29:27Z,,0,32,https://2gis.com/firm/70000001089793858,branch,35,https://2gis.ru/moscow/search/Продуктовые магазины/rubricId/373/filters/district_id=4504209512726549
Красное&Белое,продуктовый магазин,Продуктовые магазины; Алкогольные напитки,"Пулковская улица, 2",1 этаж,125565,,Головинский,Москва,,Москва,Россия,Пн: 09:00-22:05; Вт: 09:00-22:05; Ср: 09:00-22:05; Чт: 09:00-22:05; Пт: 09:00-22:05; Сб: 09:00-22:05; Вс: 09:00-22:05 (Время продажи алкоголя ограничено.),+03:00,5.0,9,88001000804,89227033000,,,,,http://krasnoeibeloe.ru,http://zen.yandex.ru/id/5dde5c1021552277da47ba4b,http://max.ru/krasnoebeloe,,,,,,,,,,https://vk.com/krasnoebeloe,,,,,,,,,https://t.me/krasnoeibeloe,,,,,,,,,70000001066387977,55.843653,37.482028,70030076168670764,,,2113,70000001090565128,Красное&Белое,продуктовый магазин,Продуктовые магазины,shop,2,4,2026-06-21T07:49:31Z,,0,32,https://2gis.com/firm/70000001066387977,branch,35,https://2gis.ru/moscow/search/Продуктовые магазины/rubricId/373/filters/district_id=4504209512726549
Красное&Белое,продуктовый магазин,Продуктовые магазины; Алкогольные напитки,"Флотская улица, 46",,125499,,Головинский,Москва,,Москва,Россия,Пн: 09:00-22:05; Вт: 09:00-22:05; Ср: 09:00-22:05; Чт: 09:00-22:05; Пт: 09:00-22:05; Сб: 09:00-22:05; Вс: 09:00-22:05 (Время продажи алкоголя ограничено.),+03:00,,,88001000804,89227033000,,,,,http://krasnoeibeloe.ru,http://zen.yandex.ru/id/5dde5c1021552277da47ba4b,http://max.ru/krasnoebeloe,,,,,,,,,,https://vk.com/krasnoebeloe,,,,,,,,,https://t.me/krasnoeibeloe,,,,,,,,,70000001113929529,55.853239,37.500789,4504235282532509,,,2113,70000001090565128,Красное&Белое,продуктовый магазин,Продуктовые магазины,shop,2,4,2026-06-21T07:49:14Z,,0,32,https://2gis.com/firm/70000001113929529,branch,35,https://2gis.ru/moscow/search/Продуктовые магазины/rubricId/373/filters/district_id=4504209512726549
Продуктовый магазин,,Продуктовые магазины,"Солнечногорская улица, 5 к1",,125413,,Головинский,Москва,,Москва,Россия,Пн: 08:30-22:00; Вт: 08:30-22:00; Ср: 08:30-22:00; Чт: 08:30-22:00; Пт: 08:30-22:00; Сб: 08:30-22:00; Вс: 08:30-22:00,+03:00,,,,,,,,,,,,,,,,,,,,,,,,,,,,,,,,,,,,,,,70000001078982414,55.857539,37.515122,4504235282551307,,,1,70000001078982413,Продуктовый магазин,Продуктовый магазин,Продуктовые магазины,shop,1,6,2026-06-15T12:09:21Z,,0,32,https://2gis.com/firm/70000001078982414,branch,35,https://2gis.ru/moscow/search/Продуктовые магазины/rubricId/373/filters/district_id=4504209512726549
Красное&Белое,продуктовый магазин,Продуктовые магазины; Алкогольные напитки,"Флотская улица, 94",,125413,,Головинский,Москва,,Москва,Россия,Пн: 09:00-22:05; Вт: 09:00-22:05; Ср: 09:00-22:05; Чт: 09:00-22:05; Пт: 09:00-22:05; Сб: 09:00-22:05; Вс: 09:00-22:05 (Время продажи алкоголя ограничено.),+03:00,4.6,38,88001000804,89227033000,,,,,http://krasnoeibeloe.ru,http://zen.yandex.ru/id/5dde5c1021552277da47ba4b,http://max.ru/krasnoebeloe,,,,,,,,,,https://vk.com/krasnoebeloe,,,,,,,,,https://t.me/krasnoeibeloe,,,,,,,,,70000001037017057,55.862659,37.517767,4504235282532110,,,2113,70000001090565128,Красное&Белое,продуктовый магазин,Продуктовые магазины,shop,2,4,2026-06-21T07:48:19Z,,0,32,https://2gis.com/firm/70000001037017057,branch,35,https://2gis.ru/moscow/search/Продуктовые магазины/rubricId/373/filters/district_id=4504209512726549
Красное&Белое,продуктовый магазин,Продуктовые магазины; Алкогольные напитки,"Смольная улица, 15",,125493,,Головинский,Москва,,Москва,Россия,Пн: 09:00-22:05; Вт: 09:00-22:05; Ср: 09:00-22:05; Чт: 09:00-22:05; Пт: 09:00-22:05; Сб: 09:00-22:05; Вс: 09:00-22:05 (Время продажи алкоголя ограничено.),+03:00,4.7,48,88001000804,89227033000,,,,,http://krasnoeibeloe.ru,http://zen.yandex.ru/id/5dde5c1021552277da47ba4b,http://max.ru/krasnoebeloe,,,,,,,,,,https://vk.com/krasnoebeloe,,,,,,,,,https://t.me/krasnoeibeloe,,,,,,,,,70000001046878121,55.846968,37.498721,4504235282559663,,,2113,70000001090565128,Красное&Белое,продуктовый магазин,Продуктовые магазины,shop,2,5,2026-06-21T07:49:00Z,,0,32,https://2gis.com/firm/70000001046878121,branch,35,https://2gis.ru/moscow/search/Продуктовые магазины/rubricId/373/filters/district_id=4504209512726549
Красное&Белое,продуктовый магазин,Продуктовые магазины; Алкогольные напитки,"Головинское шоссе, 11",1 этаж,125212,,Головинский,Москва,,Москва,Россия,Пн: 09:00-22:05; Вт: 09:00-22:05; Ср: 09:00-22:05; Чт: 09:00-22:05; Пт: 09:00-22:05; Сб: 09:00-22:05; Вс: 09:00-22:05 (Время продажи алкоголя ограничено.),+03:00,4.8,11,88001000804,89227033000,,,,,http://krasnoeibeloe.ru,http://zen.yandex.ru/id/5dde5c1021552277da47ba4b,http://max.ru/krasnoebeloe,,,,,,,,,,https://vk.com/krasnoebeloe,,,,,,,,,https://t.me/krasnoeibeloe,,,,,,,,,70000001062253144,55.839852,37.494601,70030076169255556,,,2113,70000001090565128,Красное&Белое,продуктовый магазин,Продуктовые магазины,shop,2,6,2026-06-21T07:49:36Z,,0,32,https://2gis.com/firm/70000001062253144,branch,35,https://2gis.ru/moscow/search/Продуктовые магазины/rubricId/373/filters/district_id=4504209512726549
Магазин продуктов,,Продуктовые магазины,"Флотская улица, 50",,125499,,Головинский,Москва,,Москва,Россия,Пн: 00:00-24:00; Вт: 00:00-24:00; Ср: 00:00-24:00; Чт: 00:00-24:00; Пт: 00:00-24:00; Сб: 00:00-24:00; Вс: 00:00-24:00,+03:00,3.1,2,,,,,,,,,,,,,,,,,,,,,,,,,,,,,,,,,,,,,70000001032737045,55.853735,37.500991,4504235282549306,,,1,70000001032737044,Магазин продуктов,Магазин продуктов,Продуктовые магазины,shop,1,5,2026-04-28T14:58:46Z,,0,32,https://2gis.com/firm/70000001032737045,branch,35,https://2gis.ru/moscow/search/Продуктовые магазины/rubricId/373/filters/district_id=4504209512726549
Винлаб,супермаркет напитков,Продуктовые магазины; Алкогольные напитки,"Кронштадтский бульвар, 8 к1",1 этаж,125212,,Головинский,Москва,,Москва,Россия,Пн: 10:00-23:00; Вт: 10:00-23:00; Ср: 10:00-23:00; Чт: 10:00-23:00; Пт: 10:00-23:00; Сб: 10:00-23:00; Вс: 10:00-23:00 (Время продажи алкоголя ограничено.),+03:00,4.2,15,88003017755,,,,,,http://b2b.winelab.ru,http://max.ru/winelab_ru,,,,,,,,,,,https://vk.com/winelabru,,,,,,,,,https://t.me/winelab_chatbot,,,,,,,,,70000001089793858,55.841811,37.495832,70030076255442820,,,1163,70000001019234769,Винлаб,супермаркет напитков,Продуктовые магазины,shop,2,7,2026-07-07T13:29:27Z,,0,32,https://2gis.com/firm/70000001089793858,branch,35,https://2gis.ru/moscow/search/Продуктовые магазины/rubricId/373/filters/district_id=4504209512726549
Красное&Белое,продуктовый магазин,Продуктовые магазины; Алкогольные напитки,"Кронштадтский бульвар, 9 к3",,125212,,Головинский,Москва,,Москва,Россия,Пн: 09:00-22:05; Вт: 09:00-22:05; Ср: 09:00-22:05; Чт: 09:00-22:05; Пт: 09:00-22:05; Сб: 09:00-22:05; Вс: 09:00-22:05 (Время продажи алкоголя ограничено.),+03:00,,,88001000804,89227033000,,,,,http://krasnoeibeloe.ru,http://zen.yandex.ru/id/5dde5c1021552277da47ba4b,http://max.ru/krasnoebeloe,,,,,,,,,,https://vk.com/krasnoebeloe,,,,,,,,,https://t.me/krasnoeibeloe,,,,,,,,,70000001104891461,55.842435,37.490127,70030076271560241,,,2113,70000001090565128,Красное&Белое,продуктовый магазин,Продуктовые магазины,shop,2,3,2026-06-21T07:49:17Z,,0,32,https://2gis.com/firm/70000001104891461,branch,35,https://2gis.ru/moscow/search/Продуктовые магазины/rubricId/373/filters/district_id=4504209512726549
Красное&Белое,продуктовый магазин,Продуктовые магазины; Алкогольные напитки,"Кронштадтский бульвар, 7а",1 этаж,125212,,Головинский,Москва,,Москва,Россия,Пн: 09:00-22:05; Вт: 09:00-22:05; Ср: 09:00-22:05; Чт: 09:00-22:05; Пт: 09:00-22:05; Сб: 09:00-22:05; Вс: 09:00-22:05 (Время продажи алкоголя ограничено.),+03:00,4.6,39,88001000804,89227033000,,,,,http://krasnoeibeloe.ru,http://zen.yandex.ru/id/5dde5c1021552277da47ba4b,http://max.ru/krasnoebeloe,,,,,,,,,,https://vk.com/krasnoebeloe,,,,,,,,,https://t.me/krasnoeibeloe,,,,,,,,,70000001039356382,55.842156,37.485384,4504235282628785,БЦ Кронштадтский,,2113,70000001090565128,Красное&Белое,продуктовый магазин,Продуктовые магазины,shop,2,4,2026-06-21T07:48:19Z,,0,32,https://2gis.com/firm/70000001039356382,branch,35,https://2gis.ru/moscow/search/Продуктовые магазины/rubricId/373/filters/district_id=4504209512726549
Минимаркет,,Продуктовые магазины,"Солнечногорская улица, 15 к1",,125413,,Головинский,Москва,,Москва,Россия,Пн: 00:00-24:00; Вт: 00:00-24:00; Ср: 00:00-24:00; Чт: 00:00-24:00; Пт: 00:00-24:00; Сб: 00:00-24:00; Вс: 00:00-24:00,+03:00,1.7,2,,,,,,,,,,,,,,,,,,,,,,,,,,,,,,,,,,,,,70000001102681674,55.86059,37.519248,4504235282532193,,,1,70000001102681673,Минимаркет,Минимаркет,Продуктовые магазины,shop,1,6,2026-06-10T11:12:26Z,,0,32,https://2gis.com/firm/70000001102681674,branch,35,https://2gis.ru/moscow/search/Продуктовые магазины/rubricId/373/filters/district_id=4504209512726549
Авокадо,минимаркет,Продуктовые магазины,"Солнечногорская улица, 15 к1",,125413,,Головинский,Москва,,Москва,Россия,Пн: 00:00-24:00; Вт: 00:00-24:00; Ср: 00:00-24:00; Чт: 00:00-24:00; Пт: 00:00-24:00; Сб: 00:00-24:00; Вс: 00:00-24:00,+03:00,,,88002007575,,,,,,http://авокадо.рф,http://max.ru/avocado_grocery_stores,,,,,,,,,,,,,,,,,,,,https://t.me/avocadoswnn,,,,,,,,,70000001114031670,55.860634,37.519207,4504235282532193,,,687,70000001041565312,Авокадо,минимаркет,Продуктовые магазины,shop,1,0,2026-07-07T06:47:31Z,,0,32,https://2gis.com/firm/70000001114031670,branch,35,https://2gis.ru/moscow/search/Продуктовые магазины/rubricId/373/filters/district_id=4504209512726549
Ароматный мир,винный супермаркет,Продуктовые магазины; Алкогольные напитки,"Авангардная улица, 16",1 этаж,125493,,Головинский,Москва,,Москва,Россия,Пн: 09:30-22:30; Вт: 09:30-22:30; Ср: 09:30-22:30; Чт: 09:30-22:30; Пт: 09:30-22:30; Сб: 09:30-22:30; Вс: 10:00-22:00 (Время продажи алкоголя ограничено.),+03:00,4.9,26,88007777290,84957775190 (доп.7660),,,,,http://amwine.ru,http://max.ru/amwineru,,,,,,,,,,,https://vk.com/amwineru,,,,,,,,,https://t.me/amwineru,,,https://youtube.com/@Aromatnyi_Mir_Vino_bez_vody,,,,,,70000001007159070,55.847454,37.489305,4504235282561640,,,564,4504136498285713,Ароматный мир,винный супермаркет,Продуктовые магазины,shop,2,6,2026-07-09T13:23:10Z,,0,32,https://2gis.com/firm/70000001007159070,branch,35,https://2gis.ru/moscow/search/Продуктовые магазины/rubricId/373/filters/district_id=4504209512726549
Винлаб,супермаркет напитков,Продуктовые магазины; Алкогольные напитки,"Кронштадтский бульвар, 8 к1",1 этаж,125212,,Головинский,Москва,,Москва,Россия,Пн: 10:00-23:00; Вт: 10:00-23:00; Ср: 10:00-23:00; Чт: 10:00-23:00; Пт: 10:00-23:00; Сб: 10:00-23:00; Вс: 10:00-23:00 (Время продажи алкоголя ограничено.),+03:00,4.2,15,88003017755,,,,,,http://b2b.winelab.ru,http://max.ru/winelab_ru,,,,,,,,,,,https://vk.com/winelabru,,,,,,,,,https://t.me/winelab_chatbot,,,,,,,,,70000001089793858,55.841811,37.495832,70030076255442820,,,1163,70000001019234769,Винлаб,супермаркет напитков,Продуктовые магазины,shop,2,7,2026-07-07T13:29:27Z,,0,32,https://2gis.com/firm/70000001089793858,branch,35,https://2gis.ru/moscow/search/Продуктовые магазины/rubricId/373/filters/district_id=4504209512726549
Красное&Белое,продуктовый магазин,Продуктовые магазины; Алкогольные напитки,"Пулковская улица, 2",1 этаж,125565,,Головинский,Москва,,Москва,Россия,Пн: 09:00-22:05; Вт: 09:00-22:05; Ср: 09:00-22:05; Чт: 09:00-22:05; Пт: 09:00-22:05; Сб: 09:00-22:05; Вс: 09:00-22:05 (Время продажи алкоголя ограничено.),+03:00,5.0,9,88001000804,89227033000,,,,,http://krasnoeibeloe.ru,http://zen.yandex.ru/id/5dde5c1021552277da47ba4b,http://max.ru/krasnoebeloe,,,,,,,,,,https://vk.com/krasnoebeloe,,,,,,,,,https://t.me/krasnoeibeloe,,,,,,,,,70000001066387977,55.843653,37.482028,70030076168670764,,,2113,70000001090565128,Красное&Белое,продуктовый магазин,Продуктовые магазины,shop,2,4,2026-06-21T07:49:31Z,,0,32,https://2gis.com/firm/70000001066387977,branch,35,https://2gis.ru/moscow/search/Продуктовые магазины/rubricId/373/filters/district_id=4504209512726549
Мясрыбторг,группа компаний,Продуктовые магазины; Доставка продуктов,"Кронштадтский бульвар, 7а",,125212,,Головинский,Москва,,Москва,Россия,Пн: 10:00-17:00; Вт: 10:00-17:00; Ср: 10:00-17:00; Чт: 10:00-17:00; Пт: 10:00-17:00,+03:00,,,89057851663,88001003763,,,,,http://mf-torg.ru,,,,,,,,,,,,,,,https://wa.me/79057851663,https://wa.me/79166762920,,,,,,,,,,,,,,70000001043156635,55.842394,37.486542,4504235282628785,БЦ Кронштадтский,,2,70000001043156634,Мясрыбторг,группа компаний,Продуктовые магазины,shop,2,6,2026-04-09T03:00:00Z,,0,32,https://2gis.com/firm/70000001043156635,branch,35,https://2gis.ru/moscow/search/Продуктовые магазины/rubricId/373/filters/district_id=4504209512726549
Минимаг,продуктовый магазин,Продуктовые магазины,"Авангардная улица, 16",,125493,,Головинский,Москва,,Москва,Россия,Пн: 08:00-22:00; Вт: 08:00-22:00; Ср: 08:00-22:00; Чт: 08:00-22:00; Пт: 08:00-22:00; Сб: 08:00-22:00; Вс: 09:00-20:00,+03:00,,,89169641469,89160581970,,,,,,,,,,,,,,,,,,,,https://wa.me/79160581970,,,,,,,,,,,,,,,70000001065521365,55.84717,37.489842,4504235282561640,,,1,70000001065521364,Минимаг,продуктовый магазин,Продуктовые магазины,shop,1,6,2025-10-06T13:40:45Z,,0,32,https://2gis.com/firm/70000001065521365,branch,35,https://2gis.ru/moscow/search/Продуктовые магазины/rubricId/373/filters/district_id=4504209512726549
Винлаб,супермаркет напитков,Продуктовые магазины; Алкогольные напитки,"Кронштадтский бульвар, 9 к2",1 этаж,125212,,Головинский,Москва,,Москва,Россия,Пн: 10:00-23:00; Вт: 10:00-23:00; Ср: 10:00-23:00; Чт: 10:00-23:00; Пт: 10:00-23:00; Сб: 10:00-23:00; Вс: 10:00-23:00 (Время продажи алкоголя ограничено.),+03:00,4.6,2,88003017755,,,,,,http://b2b.winelab.ru,http://max.ru/winelab_ru,,,,,,,,,,,https://vk.com/winelabru,,,,,,,,,https://t.me/winelab_chatbot,,,,,,,,,70000001091619362,55.842076,37.488695,70030076255441173,,,1163,70000001019234769,Винлаб,супермаркет напитков,Алкогольные напитки,shop,2,4,2026-07-07T13:29:28Z,,0,32,https://2gis.com/firm/70000001091619362,branch,35,https://2gis.ru/moscow/search/Продуктовые магазины/rubricId/373/filters/district_id=4504209512726549
Ароматный мир,винный супермаркет,Продуктовые магазины; Алкогольные напитки,"Ленинградское шоссе, 84",1 этаж,125565,,Головинский,Москва,,Москва,Россия,Пн: 10:00-22:30; Вт: 10:00-22:30; Ср: 10:00-22:30; Чт: 10:00-22:30; Пт: 10:00-22:30; Сб: 10:00-22:30; Вс: 10:00-22:00 (Время продажи алкоголя ограничено.),+03:00,4.5,15,88007777290,84957775190 (доп.4061),,,,,http://amwine.ru,http://max.ru/amwineru,,,,,,,,,,,https://vk.com/amwineru,,,,,,,,,https://t.me/amwineru,,,https://youtube.com/@Aromatnyi_Mir_Vino_bez_vody,,,,,,70000001061738193,55.848726,37.475484,4504235282562876,,,564,4504136498285713,Ароматный мир,винный супермаркет,Продуктовые магазины,shop,2,6,2026-07-09T13:23:17Z,,0,32,https://2gis.com/firm/70000001061738193,branch,35,https://2gis.ru/moscow/search/Продуктовые магазины/rubricId/373/filters/district_id=4504209512726549
Ароматный мир,винный супермаркет,Продуктовые магазины; Алкогольные напитки,"Головинское шоссе, 11",1 этаж,125212,,Головинский,Москва,,Москва,Россия,Пн: 10:00-22:30; Вт: 10:00-22:30; Ср: 10:00-22:30; Чт: 10:00-22:30; Пт: 10:00-22:30; Сб: 10:00-22:30; Вс: 10:00-22:00 (Время продажи алкоголя ограничено.),+03:00,4.7,5,88007777290,84957775190 (доп.4050),,,,,http://amwine.ru,http://max.ru/amwineru,,,,,,,,,,,https://vk.com/amwineru,,,,,,,,,https://t.me/amwineru,,,https://youtube.com/@Aromatnyi_Mir_Vino_bez_vody,,,,,,70000001060981371,55.839801,37.494409,70030076169255556,,,564,4504136498285713,Ароматный мир,винный супермаркет,Продуктовые магазины,shop,2,6,2026-07-09T13:23:09Z,,0,32,https://2gis.com/firm/70000001060981371,branch,35,https://2gis.ru/moscow/search/Продуктовые магазины/rubricId/373/filters/district_id=4504209512726549
Гастроном,,Продуктовые магазины,"Флотская улица, 6",,125565,,Головинский,Москва,,Москва,Россия,Пн: 09:00-23:00; Вт: 09:00-23:00; Ср: 09:00-23:00; Чт: 09:00-23:00; Пт: 09:00-23:00; Сб: 09:00-23:00; Вс: 10:00-23:00,+03:00,5.0,1,,,,,,,,,,,,,,,,,,,,,,,,,,,,,,,,,,,,,70000001017870770,55.850092,37.47852,4504235282549262,,,1,70000001017870769,Гастроном,Гастроном,Продуктовые магазины,shop,1,5,2026-01-27T09:25:22Z,,0,32,https://2gis.com/firm/70000001017870770,branch,35,https://2gis.ru/moscow/search/Продуктовые магазины/rubricId/373/filters/district_id=4504209512726549
Магазин армянских продуктов,г. Москва,Продуктовые магазины,"Кронштадтский бульвар, 7Б",48 павильон,125212,,Головинский,Москва,,Москва,Россия,Пн: 09:00-20:00; Вт: 09:00-20:00; Ср: 09:00-20:00; Чт: 09:00-20:00; Пт: 09:00-20:00; Сб: 09:00-20:00; Вс: 09:00-20:00,+03:00,,,,,,,,,,,,,,,,,,,,,,,,,,,,,,,,,,,,,,,70000001094261614,55.841036,37.488485,4504235282628788,ТК У Водного,,1,70000001094261613,"Магазин армянских продуктов, г. Москва",Магазин армянских продуктов,Продуктовые магазины,shop,1,4,2026-02-06T14:48:34Z,,0,32,https://2gis.com/firm/70000001094261614,branch,35,https://2gis.ru/moscow/search/Продуктовые магазины/rubricId/373/filters/district_id=4504209512726549
Арев,магазин продуктов из Армении,Продуктовые магазины,"Кронштадтский бульвар, 3а",-1 этаж,125212,,Головинский,Москва,,Москва,Россия,Пн: 10:00-22:00; Вт: 10:00-22:00; Ср: 10:00-22:00; Чт: 10:00-22:00; Пт: 10:00-22:00; Сб: 10:00-22:00; Вс: 10:00-22:00,+03:00,5.0,3,89067026008,,,,,,,,,,,,,,,,,,,,,https://wa.me/79067026008,,,,,,,,,,,,,,,70000001061456965,55.840827,37.48546,4504235282628828,ТЦ Гавань,70030076415027847,1,70000001061456964,Арев,магазин продуктов из Армении,Продуктовые магазины,shop,1,6,2025-08-29T18:49:17Z,,0,32,https://2gis.com/firm/70000001061456965,branch,35,https://2gis.ru/moscow/search/Продуктовые магазины/rubricId/373/filters/district_id=4504209512726549
Ксанти,продуктовый магазин,Продуктовые магазины,"Кронштадтский бульвар, 3 ст3",,125212,,Головинский,Москва,,Москва,Россия,Пн: 00:00-24:00; Вт: 00:00-24:00; Ср: 00:00-24:00; Чт: 00:00-24:00; Пт: 00:00-24:00; Сб: 00:00-24:00; Вс: 00:00-24:00,+03:00,1.5,2,,,,,,,,,,,,,,,,,,,,,,,,,,,,,,,,,,,,,70000001021994581,55.840334,37.485908,4504235282628839,,,1,70000001021994580,"Ксанти, ООО, продуктовый магазин",продуктовый магазин,Продуктовые магазины,shop,1,5,2026-02-04T10:38:29Z,,0,32,https://2gis.com/firm/70000001021994581,branch,35,https://2gis.ru/moscow/search/Продуктовые магазины/rubricId/373/filters/district_id=4504209512726549
